machine_id,energy_productivity
M001,71.11000000
M002,70.00000000
M003,73.26000000
M004,66.67000000
M005,70.65000000
M006,70.73000000
M007,70.37000000
M008,70.21000000
M009,71.11000000
M010,65.79000000
